{
  "x": {
    "par": [0, 1, 0, 5, 0, 9],
    "idx": [1, 3, 5, 7, 9, 11, 13]
  },
  "y": {
    "par": [0, 0, 0, 0, 0, 0],
    "idx": [1, 3, 5, 7, 9, 11, 13]
  },
  "A": {
    "row": [1, 1, 2, 2, 2, 2, 3, 3, 4, 4, 5, 5, 6, 6, 6, 6, 7, 7, 8, 8, 9, 9, 10, 10, 10, 10, 11, 11, 12, 12],
    "col": [1, 5, 3, 4, 7, 8, 2, 6, 2, 6, 5, 9, 7, 8, 11, 12, 6, 10, 6, 10, 1, 9, 3, 4, 11, 12, 2, 10, 2, 10],
    "data": [0.16666666666666666, 0.16666666666666666, -0.16666666666666666, 0.3333333333333333, -0.16666666666666666, 0.3333333333333333, 0.16666666666666666, 0.16666666666666666, 0.3333333333333333, 0.3333333333333333, 0.16666666666666666, -0.16666666666666666, -0.16666666666666666, 0.3333333333333333, -0.16666666666666666, -0.3333333333333333, 0.16666666666666666, 0.16666666666666666, 0.3333333333333333, -0.3333333333333333, -0.16666666666666666, -0.16666666666666666, -0.16666666666666666, -0.3333333333333333, -0.16666666666666666, -0.3333333333333333, 0.16666666666666666, 0.16666666666666666, -0.3333333333333333, -0.3333333333333333]
  }
}